region_index,mean_low,sd_low,mean_high,sd_high,diff_high_minus_low
1,0.18106639,0.095989462,0.15218977,0.074487324,-0.028876619
2,0.18247607,0.086868887,0.15815076,0.074422154,-0.024325317
3,0.18439926,0.10073927,0.15635564,0.081843002,-0.028043621
4,0.17900043,0.095578033,0.15930825,0.087046956,-0.01969218
5,0.13263157,0.075678225,0.12351014,0.064813759,-0.0091214312
6,0.20040527,0.07515212,0.21887549,0.074790181,0.018470226
7,0.03665639,0.040496585,0.053544314,0.045581288,0.016887923
8,0.048862696,0.045289012,0.069135876,0.043425983,0.020273179
9,0.12423297,0.057048622,0.10470449,0.059310952,-0.019528479
10,0.11998609,0.059301002,0.096543967,0.056844276,-0.023442121
11,0.22667522,0.076424522,0.2058735,0.072321029,-0.020801717
12,0.16443247,0.069424552,0.19865228,0.065841057,0.034219812
13,0.14682203,0.062216657,0.14636562,0.074805557,-0.0004564027
14,0.16070706,0.071975149,0.1566451,0.074423663,-0.0040619521
15,0.11704823,0.059631501,0.10976413,0.055253814,-0.0072840996
16,0.080951338,0.051612378,0.087818282,0.060231304,0.0068669433
17,0.17315902,0.088035755,0.1431564,0.076233116,-0.030002616
18,0.17694001,0.083257255,0.14107529,0.073749781,-0.035864712
19,0.1828572,0.096644514,0.14568185,0.077512804,-0.037175346
20,0.18173105,0.09936588,0.15234961,0.079613613,-0.02938144
21,0.14109189,0.073532574,0.12135301,0.06198115,-0.019738887
22,0.17598634,0.06523026,0.1740446,0.060041903,-0.0019417411
23,0.040761784,0.040747006,0.054408243,0.047534341,0.013646459
24,0.048110979,0.043372689,0.057243699,0.049981532,0.0091327208
25,0.12415302,0.056383855,0.11927263,0.056977132,-0.0048803844
26,0.11039529,0.06427542,0.1050682,0.058902015,-0.0053270874
27,0.18500881,0.070555929,0.1972746,0.067131578,0.012265788
28,0.17780328,0.07267202,0.17551165,0.059218446,-0.0022916308
29,0.1432337,0.061594549,0.14106946,0.069030573,-0.0021642395
30,0.15934733,0.072127444,0.16238193,0.07545363,0.0030345947
31,0.11990016,0.063987269,0.11633481,0.060683467,-0.0035653581
32,0.085535341,0.052056852,0.091295182,0.066906253,0.0057598405
33,0.17930562,0.080970499,0.15745093,0.066503166,-0.021854695
34,0.14626038,0.078449173,0.12274195,0.058250128,-0.023518423
35,0.14338856,0.07448862,0.12034487,0.05830149,-0.023043688
36,0.16271049,0.07902492,0.13684377,0.060195078,-0.025866729
37,0.099447762,0.071235829,0.077804103,0.0541864,-0.021643659
38,0.16057993,0.078509434,0.13640763,0.063213782,-0.024172304
39,0.089428668,0.065617315,0.06786973,0.052243885,-0.021558937
40,0.17870847,0.081864367,0.14545332,0.063712311,-0.033255144
41,0.089426575,0.068270276,0.062135269,0.050870081,-0.027291306
42,0.14628544,0.073039855,0.12101232,0.056483294,-0.025273117
43,0.12398994,0.069868867,0.10336054,0.049724584,-0.020629395
44,0.17673873,0.08176541,0.14296639,0.062517323,-0.033772336
45,0.13158415,0.073739134,0.10083001,0.052016317,-0.030754146
46,0.13208239,0.068777274,0.10457806,0.048128611,-0.027504324
47,0.20141122,0.094591976,0.16128185,0.072212736,-0.040129371
48,0.21453467,0.089419345,0.17756645,0.077196986,-0.036968223
49,0.2165357,0.088590089,0.18962154,0.078044252,-0.026914158
50,0.21260894,0.094979347,0.1809452,0.084275871,-0.031663731
51,0.22151764,0.096099065,0.18180245,0.081820588,-0.039715191
52,0.22876833,0.1047623,0.19591685,0.084853565,-0.032851482
53,0.21228014,0.091613446,0.17872686,0.076183367,-0.033553287
54,0.21267007,0.090531784,0.17714172,0.072478313,-0.035528351
55,0.20967628,0.096057972,0.16807806,0.081157152,-0.041598213
56,0.20052181,0.095420176,0.15743255,0.073887413,-0.043089261
57,0.17460166,0.087000524,0.13105749,0.070681876,-0.043544167
58,0.20505202,0.094826528,0.15712812,0.072046922,-0.047923905
59,0.18591572,0.08766053,0.13998487,0.067033296,-0.045930847
60,0.21275466,0.09871241,0.16782642,0.077658029,-0.044928239
61,0.21855668,0.099565993,0.16122294,0.07379482,-0.057333743
62,0.17576743,0.088338598,0.13311763,0.062367125,-0.0426498
63,0.15989349,0.083611104,0.13575111,0.065353763,-0.024142373
64,0.13340687,0.073378988,0.11120666,0.054907444,-0.022200209
65,0.13182011,0.07455921,0.10691858,0.054227687,-0.024901527
66,0.21410721,0.098948538,0.18403721,0.083685863,-0.030069995
67,0.19589176,0.091313339,0.16130214,0.07694865,-0.034589625
68,0.15753294,0.079637381,0.12957955,0.063421475,-0.027953399
69,0.12470341,0.073564035,0.093400633,0.054050151,-0.031302778
70,0.15938529,0.079907661,0.12934473,0.05948682,-0.030040559
71,0.10357495,0.072951359,0.064775314,0.052852874,-0.038799631
72,0.15248611,0.083596785,0.10431022,0.06360338,-0.048175892
73,0.18607603,0.081671645,0.1581845,0.065665968,-0.027891535
74,0.16726791,0.078691973,0.13729529,0.062578903,-0.029972618
75,0.21258885,0.09366515,0.18298066,0.081147243,-0.029608187
76,0.21748332,0.093292406,0.17336873,0.079203316,-0.044114594
77,0.18634993,0.089780131,0.16287714,0.075160033,-0.02347279
78,0.1318619,0.073288802,0.10707003,0.05915425,-0.024791871
79,0.16716144,0.085520426,0.14483719,0.070883873,-0.022324245
80,0.20181444,0.088538467,0.17493944,0.080403394,-0.026875003
81,0.21413072,0.095309527,0.18530962,0.083694446,-0.028821094
82,0.21590169,0.094238615,0.18233186,0.081538927,-0.033569827
83,0.10840637,0.067779425,0.075997237,0.049922921,-0.032409128
84,0.18590362,0.080481314,0.15348585,0.064944787,-0.03241777
85,0.14303288,0.077265848,0.10688224,0.055816832,-0.036150638
86,0.218872,0.095478777,0.17140735,0.0717557,-0.047464659
87,0.15265669,0.079985732,0.12767012,0.062567594,-0.024986566
88,0.15037371,0.071039394,0.11672964,0.058058503,-0.033644076
89,0.16105926,0.084821697,0.13195908,0.066665169,-0.029100181
90,0.16009437,0.077345943,0.12910279,0.065070853,-0.030991582
91,0.16131698,0.081316344,0.13080584,0.062831739,-0.030511133
92,0.17353649,0.090331072,0.14340955,0.073413271,-0.030126947
93,0.10652028,0.065307766,0.085288517,0.055546898,-0.021231765
94,0.1112083,0.066909596,0.091417297,0.05148978,-0.019791004
95,0.14180007,0.075634956,0.1126661,0.058138671,-0.029133976
96,0.14499337,0.078897712,0.12066247,0.06444608,-0.024330893
97,0.1387983,0.071538293,0.10436853,0.057946259,-0.034429764
98,0.13579359,0.078757548,0.10652713,0.063291361,-0.029266462
99,0.11634826,0.07060771,0.082376687,0.057774023,-0.033971576
100,0.1297264,0.073390547,0.098648018,0.058868332,-0.03107838
101,0.18039792,0.08441084,0.14639889,0.070480966,-0.03399903
102,0.18309367,0.085145967,0.15007718,0.072002132,-0.033016488
103,0.08092263,0.062661256,0.057133688,0.043207679,-0.023788942
104,0.073988234,0.052546613,0.062712581,0.044824352,-0.011275653
105,0.15713515,0.077241306,0.15197068,0.076467913,-0.0051644743
106,0.16927747,0.091355487,0.13609954,0.068566392,-0.033177926
107,0.15694679,0.072229707,0.12000446,0.05802311,-0.036942331
108,0.18390246,0.093352512,0.14228195,0.072565792,-0.041620512
109,0.15925397,0.084397371,0.12501585,0.070081014,-0.034238119
110,0.21756613,0.096352774,0.16939391,0.07977582,-0.04817222
111,0.18485301,0.084582223,0.14471884,0.071290565,-0.040134178
112,0.12684148,0.070902682,0.09610362,0.054099186,-0.030737858
113,0.15720849,0.081330757,0.12449765,0.066058271,-0.032710832
114,0.1193779,0.076458959,0.093539222,0.063624915,-0.025838675
115,0.18331872,0.08990149,0.15047218,0.078991361,-0.032846534
116,0.15359617,0.074912646,0.11669473,0.065280499,-0.036901435
117,0.1875933,0.098470983,0.14591877,0.076809307,-0.041674528
118,0.14855449,0.079687974,0.1129168,0.060496431,-0.035637692
119,0.20199669,0.099352943,0.15827494,0.07788027,-0.043721752
120,0.14413772,0.075130665,0.1130928,0.060760588,-0.03104492
121,0.15639434,0.082776133,0.11950732,0.068827541,-0.036887023
122,0.14199138,0.068557983,0.11699244,0.05994732,-0.024998934
123,0.1585417,0.088318037,0.12278273,0.070409002,-0.035758967
124,0.15756822,0.075098261,0.13085325,0.064919127,-0.026714967
125,0.132155,0.07443164,0.10126712,0.058107562,-0.030887877
126,0.12726301,0.074402944,0.095320601,0.063562296,-0.031942405
127,0.17320519,0.08606414,0.13446067,0.070059293,-0.038744513
128,0.15496337,0.081061017,0.12685476,0.064807586,-0.028108601
129,0.11848451,0.076012875,0.077207508,0.060029564,-0.041277
130,0.10061801,0.070387767,0.066488091,0.055720293,-0.034129915
131,0.1050459,0.070767432,0.064703391,0.054641641,-0.04034251
132,0.16838706,0.082638274,0.14267801,0.068164469,-0.025709052
133,0.16330027,0.085485208,0.13826801,0.071430864,-0.025032261
134,0.17802877,0.082287499,0.15649025,0.06985996,-0.021538514
135,0.16247352,0.079413385,0.1349122,0.060233576,-0.027561316
136,0.16292846,0.08043526,0.13240938,0.061613462,-0.030519086
137,0.14610943,0.077089153,0.11578178,0.057234517,-0.03032765
138,0.091609475,0.069133644,0.060669108,0.053184993,-0.030940366
139,0.16761081,0.081989396,0.13275501,0.062055064,-0.034855801
140,0.086845948,0.072157881,0.068718313,0.055181713,-0.018127635
141,0.11856731,0.068659494,0.093807247,0.053990161,-0.024760065
142,0.17069422,0.079287773,0.13717218,0.058617016,-0.033522045
143,0.12744585,0.070788811,0.10336357,0.051146623,-0.024082276
144,0.11965061,0.071269083,0.090048541,0.047214246,-0.029602074
145,0.16566409,0.081407071,0.1257853,0.058338713,-0.039878781
146,0.15465481,0.078777205,0.11905281,0.055046742,-0.035601993
147,0.13322816,0.072876004,0.10995189,0.052303506,-0.023276267
148,0.20189032,0.086316918,0.17294017,0.075876418,-0.028950145
149,0.22042892,0.096993009,0.18927342,0.084780494,-0.031155506
150,0.21635222,0.08930323,0.1858457,0.080242259,-0.030506523
151,0.22491566,0.092721992,0.19089462,0.080910502,-0.034021043
152,0.20729276,0.092127325,0.17841093,0.084864799,-0.028881836
153,0.22041441,0.09813732,0.19526001,0.086513519,-0.025154397
154,0.23639845,0.1045629,0.20786525,0.088346815,-0.0285332
155,0.17844349,0.08109787,0.13010459,0.058344203,-0.048338905
156,0.22626233,0.09877156,0.18586677,0.088197296,-0.040395556
157,0.21885118,0.090738888,0.18154243,0.076714858,-0.037308751
158,0.24278484,0.098323959,0.19778017,0.079660364,-0.045004671
159,0.21119001,0.09860179,0.1650001,0.078193502,-0.046189904
160,0.18458602,0.090576377,0.14452164,0.072497456,-0.04006438
161,0.21629164,0.098258851,0.1657608,0.078512963,-0.050530847
162,0.19759188,0.090465355,0.15162927,0.07121928,-0.045962617
163,0.21613647,0.10146084,0.17385534,0.081279244,-0.042281135
164,0.18578399,0.09017317,0.12934178,0.066931214,-0.056442211
165,0.23477755,0.10869274,0.17719809,0.081120689,-0.057579457
166,0.1767377,0.090562067,0.13464657,0.063770443,-0.042091132
167,0.15524223,0.083223118,0.12916014,0.060248927,-0.026082088
168,0.18003093,0.082947128,0.15667792,0.068479571,-0.02335301
169,0.22419059,0.097504592,0.20074127,0.087747541,-0.02344932
170,0.1428333,0.078398451,0.12605442,0.06479178,-0.016778872
171,0.20215296,0.093772976,0.17203322,0.081322343,-0.030119737
172,0.10294521,0.072395655,0.065251455,0.048593326,-0.037693752
173,0.15627096,0.078819331,0.13455894,0.064458671,-0.021712017
174,0.14420722,0.078582219,0.11702652,0.057147336,-0.027180699
175,0.11874181,0.076615907,0.074853577,0.058616496,-0.043888231
176,0.15012804,0.083110922,0.10188064,0.064609097,-0.048247401
177,0.19148848,0.084110352,0.1644615,0.070620533,-0.027026978
178,0.15745884,0.081622746,0.12671202,0.060145777,-0.030746817
179,0.2089084,0.094745202,0.1861395,0.084418973,-0.022768903
180,0.17659437,0.085643753,0.14735986,0.073592532,-0.029234504
181,0.1911648,0.085888882,0.16062368,0.074793682,-0.030541121
182,0.17390155,0.086937888,0.14890643,0.074173968,-0.024995123
183,0.1973264,0.090946253,0.17149106,0.083515261,-0.025835341
184,0.16297809,0.0841339,0.13543719,0.064274212,-0.02754091
185,0.16689502,0.082307105,0.14477386,0.06647911,-0.022121161
186,0.18829,0.088193667,0.16697174,0.077800217,-0.02131826
187,0.19487964,0.090770345,0.16807846,0.080784305,-0.026801184
188,0.18160775,0.082812748,0.14835144,0.064977542,-0.033256311
189,0.13612063,0.076147974,0.093966134,0.05393349,-0.042154498
190,0.19889551,0.089000909,0.16445069,0.069798416,-0.034444813
191,0.14734636,0.072266994,0.11412548,0.060530681,-0.033220878
192,0.15911859,0.083840764,0.12743737,0.067274712,-0.031681225
193,0.14781144,0.077353655,0.11419529,0.061735101,-0.033616153
194,0.15794267,0.080624744,0.13704308,0.064588805,-0.020899583
195,0.15625711,0.076019109,0.12417396,0.063368677,-0.032083152
196,0.15964102,0.082971847,0.13287465,0.06340242,-0.026766363
197,0.095054252,0.063464268,0.080755372,0.057786043,-0.01429888
198,0.10090511,0.066368189,0.086591462,0.05560279,-0.014313649
199,0.10906448,0.070835895,0.087529122,0.055918334,-0.021535361
200,0.13861889,0.078959108,0.11757984,0.063298336,-0.021039058
201,0.19317239,0.092944212,0.15320357,0.079942966,-0.039968823
202,0.12619448,0.071794206,0.096057286,0.06019333,-0.030137199
203,0.11459389,0.077667234,0.090930378,0.06153672,-0.023663509
204,0.11326644,0.072941916,0.085343059,0.058675877,-0.027923377
205,0.17051658,0.082375171,0.14641363,0.072407524,-0.024102947
206,0.097239214,0.06763146,0.068415323,0.048980783,-0.02882389
207,0.097279957,0.071285829,0.079769523,0.056010432,-0.017510434
208,0.13115127,0.072493344,0.10716647,0.064186948,-0.023984799
209,0.080129911,0.063158087,0.05969735,0.045933991,-0.020432561
210,0.07344078,0.054121019,0.057974251,0.044879333,-0.015466529
211,0.15045901,0.075592901,0.11755416,0.06795063,-0.032904849
212,0.13674748,0.068609733,0.11044387,0.059101852,-0.026303609
213,0.14476875,0.07391489,0.12023279,0.063756479,-0.024535951
214,0.12094991,0.075541033,0.091625867,0.056384414,-0.029324045
215,0.12411424,0.075351922,0.097457111,0.062171053,-0.026657124
216,0.095134134,0.067024141,0.073766558,0.057589181,-0.021367576
217,0.16931134,0.088333883,0.1443383,0.070162672,-0.024973038
218,0.15169168,0.071756333,0.11900891,0.057072092,-0.03268277
219,0.19502346,0.097951062,0.16013607,0.077721402,-0.034887395
220,0.14368388,0.079635652,0.11553035,0.06598272,-0.02815353
221,0.22289936,0.10047893,0.18191316,0.08430825,-0.040986197
222,0.18741358,0.092360315,0.1492204,0.07977408,-0.038193185
223,0.15522224,0.075540335,0.12033466,0.065119641,-0.034887578
224,0.13913176,0.073298711,0.10636937,0.061787857,-0.032762392
225,0.14661323,0.071221226,0.11678189,0.060780719,-0.029831337
226,0.1516304,0.081018798,0.1120542,0.068139692,-0.039576202
227,0.14578185,0.081838375,0.11391219,0.066969942,-0.031869653
228,0.12165859,0.07469732,0.091798271,0.060931656,-0.029860321
229,0.12697089,0.07396682,0.10480218,0.063204599,-0.022168714
230,0.15803951,0.08151664,0.12212595,0.062750541,-0.035913561
231,0.10115565,0.06891169,0.068095501,0.056070461,-0.033060146
232,0.091385139,0.07076396,0.056210846,0.051556669,-0.035174293
